sex,race,ses,sctyp,hsp,locus,concept,mot,car,rdg,wrtg,math,sci,civ,id
2,1,1,1,3,0.29,0.88,0.67,10,33.6,43.7,40.2,39,40.6,1
1,1,1,1,1,-0.42,0.03,0.33,2,46.9,35.9,41.9,36.3,45.6,2
2,1,1,1,1,0.71,0.03,0.67,9,41.6,59.3,41.9,44.4,45.6,3
2,1,2,1,3,0.06,0.03,0,15,38.9,41.1,32.7,41.7,40.6,4
2,1,2,1,3,0.22,-0.28,0,1,36.3,48.9,39.5,41.7,45.6,5
1,1,2,1,1,0.46,0.03,0,11,49.5,46.3,46.2,41.7,35.6,6
1,1,1,1,2,0.44,-0.47,0.33,10,62.7,64.5,48,63.4,55.6,7
2,1,1,1,2,0.68,0.25,1,9,44.2,51.5,36.9,49.8,55.6,8
1,1,2,1,2,0.06,0.56,0.33,9,46.9,41.1,45.3,47.1,55.6,9
2,1,1,1,2,0.05,0.15,1,11,44.2,49.5,40.5,39,50.6,10
2,1,1,1,2,0.25,0.34,1,9,49.5,61.9,42.9,41.7,50.6,11
1,1,1,1,1,0.06,-0.59,0,8,44.2,41.1,59.8,44.4,35.6,12
1,1,1,1,2,-1.1,0.03,0,7,46.9,40.4,42.8,45,30.6,13
2,1,2,1,1,0.52,-0.59,0.67,4,41.6,59.3,38.6,36.3,50.6,14
1,1,2,1,3,-1.28,1.19,1,9,41.6,41.1,45.9,44.4,40.6,15
2,1,1,1,2,0.06,0.03,1,10,46.9,41.1,46.2,39.6,40.6,16
2,1,3,1,2,0.26,0.03,1,10,60.1,64.5,55.7,63.4,60.5,17
1,1,2,1,3,0.21,0.94,0,12,38.9,48.9,41.8,58.5,45.6,18
1,1,2,1,2,0.06,0.03,1,6,57.4,54.1,58.9,47.1,50.6,19
1,1,3,1,2,0.28,0.03,1,10,73.3,64.5,68,63.4,70.5,20
1,1,2,1,1,-0.44,-0.84,0.33,2,46.9,46.3,45.9,37.9,45.6,21
2,1,1,1,2,-0.43,0.13,0.33,7,38.9,44.3,51.6,43.9,48.1,22
2,1,1,1,3,-0.22,0.32,0.33,1,35.2,38.5,39.9,34.7,40.6,23
2,1,1,1,3,0.73,-1.42,0.33,15,38.9,41.1,41,36.3,45.6,24
1,1,2,1,3,0.26,0.03,0.33,11,48.4,48.9,52.2,43.9,50.6,25
2,1,2,1,2,1.12,-0.74,0.67,15,31,41.1,36,36.9,45.6,26
2,1,3,1,1,0.46,0.59,1,16,52.1,62.5,53.6,56.3,65.5,27
2,1,2,1,1,-0.6,-0.47,0.67,9,46.9,54.1,49,52.6,60.5,28
2,1,2,1,2,-0.9,0.03,0.67,4,36.3,44.3,36.1,33.6,40.6,29
2,1,2,1,2,0.31,1.19,1,9,46.9,44.3,41.9,39,50.6,30
1,1,2,1,2,-0.21,-1.38,0,9,34.2,46.3,44.5,39,35.6,31
2,1,2,1,2,0.69,0.34,1,9,52.1,56.7,53.4,60.7,45.6,32
2,1,2,1,1,-0.19,-1.67,0,13,42.1,39.8,42.2,38.5,40.6,33
1,1,2,1,3,-1.78,0.56,0.33,8,37.3,43.7,45.4,39,45.6,34
1,1,2,1,3,0.3,0.56,1,16,44.2,33.3,37.7,30.9,41.9,35
1,1,2,1,2,1.36,0.44,0.67,9,70.7,58,65.4,63.4,60.5,36
2,1,2,1,3,-1.05,-1.65,0,9,46.9,46.3,38.6,47.1,60.5,37
1,1,2,1,3,0.29,0.39,0.33,7,41.6,33.3,37.6,28.2,45.6,38
1,1,2,1,2,-0.83,0.13,1,9,41.6,35.9,36.7,36.3,55.6,39
1,1,3,1,2,0.21,-0.28,0.67,12,46.9,41.1,53.6,41.7,55.6,40
1,1,3,1,2,-0.03,0.63,0.67,9,52.1,54.1,48.2,55.3,60.5,41
1,1,2,1,2,0.03,0.28,0.33,8,52.1,54.1,52,55.3,50.6,42
1,1,3,1,3,-0.83,1.19,0.67,9,38.9,38.5,44.4,26,41.9,43
2,1,1,1,3,0.22,-0.76,1,15,31,41.1,49.2,33.6,35.6,44
1,1,3,1,2,1.16,0.32,1,9,60.1,54.1,48.6,58,30.6,45
1,1,1,1,3,-0.22,-1.34,0.67,16,46.9,31.3,43.6,36.3,35.6,46
1,1,1,1,1,-0.18,0.15,0,15,38.9,28.1,36,36.3,35.6,47
2,1,3,1,3,0.02,0.03,0.33,4,41.6,35.9,37.7,41.7,45.6,48
2,1,2,1,2,-1.06,0.03,0.67,6,46.9,56.7,48,44.4,40.6,49
1,1,2,1,1,-1.33,0.03,1,9,41.6,48.9,33.7,44.4,45.6,50
1,1,1,1,3,-1.55,0.03,0,9,36.3,41.1,43.5,33.6,40.6,51
1,1,2,1,3,-1.58,0.56,0.67,2,49.5,33.3,48.7,44.4,35.6,52
2,1,3,1,3,0.47,-0.09,0.33,9,33.6,33.9,38.8,39.6,30.6,53
1,1,3,1,3,0.46,0.03,0.67,9,54.8,54.7,56.9,58,40.6,54
2,1,1,1,1,-1.78,0.56,1,9,28.3,46.3,42.8,44.4,50.6,55
1,1,1,1,2,-0.84,-1.09,0.33,2,41.6,41.7,45.1,36.3,40.6,56
2,1,2,1,1,-0.89,-0.18,0.67,10,44.2,43.7,44.5,41.7,50.6,57
1,1,3,1,2,-0.68,-0.26,0,2,60.1,51.5,56.8,60.7,60.5,58
2,1,1,1,3,-0.6,0.32,1,1,38.9,56.7,41.2,33.6,55.6,59
1,1,2,1,3,-0.59,1.19,0.67,6,36.3,36.5,35.1,33.6,35.6,60
1,1,2,1,1,-0.04,0.65,1,16,44.2,44.3,61.1,49.8,45.6,61
2,1,1,1,1,0.52,-0.28,0.67,9,38.9,41.7,33.7,30.9,50.6,62
2,1,1,1,1,-0.34,0.59,1,7,38.9,33.9,35.1,44.4,40.6,63
1,1,2,1,3,-0.44,0.03,0.33,9,41.6,38.5,38.7,56.3,45.6,64
1,1,2,1,3,-0.21,0.03,1,6,41.6,43.7,51.1,49.8,40.6,65
2,2,3,1,2,0.32,-1.17,0.33,9,52.1,54.1,58.1,47.1,60.5,66
2,2,1,1,2,-0.71,-2.29,0.33,9,65.4,64.5,63.7,58,70.5,67
1,2,1,1,1,0.45,0.03,0.67,2,41.6,25.5,44.3,36.3,35.6,68
1,2,1,1,1,0.71,0.03,1,10,46.9,61.9,46.2,60.7,45.6,69
1,2,2,1,2,0.06,0.44,0.67,9,52.1,61.9,66.3,47.1,45.6,70
2,2,2,1,3,0.06,0.28,1,1,44.2,54.1,47.1,58,50.6,71
1,2,3,1,2,0.91,0.34,1,10,52.1,54.1,58.1,55.8,50.6,72
2,2,2,1,1,-1.09,0.03,0.33,2,46.9,43.7,41.9,41.7,35.6,73
2,2,3,1,2,0.02,0.03,0.67,10,65.4,56.7,62.3,58.5,55.6,74
1,2,3,2,2,-1.05,0.28,0.67,9,62.7,64.5,66.3,58,60.5,75
2,2,3,1,2,0.11,-1.42,1,16,60.1,59.3,62.1,60.7,50.6,76
1,2,2,1,3,0.89,0.32,0.67,10,46.9,44.3,48.7,53.1,55.6,77
1,2,1,1,3,-0.45,-0.64,0.33,9,65.4,56.7,55.2,52.6,55.6,78
1,2,2,1,2,0.46,-0.3,1,10,53.2,60.6,61.2,56.9,55.6,79
2,2,2,1,2,0.46,-1.17,0,9,68,62.5,65.4,60.7,60.5,80
2,2,3,1,2,0.28,0.94,1,10,54.8,56,43.5,49.8,50.6,81
2,2,2,1,1,0.06,0.9,0.67,9,38.9,52.8,54.4,49.8,40.6,82
1,2,2,1,2,0.06,0.94,1,7,52.1,51.5,57.9,60.7,35.6,83
1,2,3,1,2,-0.17,0.31,1,10,65.4,67.1,75.5,71.5,70.5,84
1,2,1,1,1,-0.38,0.03,0,2,52.1,43.7,49.4,55.3,40.6,85
2,2,3,1,2,0.23,-0.6,1,10,57.4,67.1,68,59.1,65.5,86
1,2,2,1,2,1.36,0.59,1,10,62.7,67.1,69.6,68.8,55.6,87
2,2,3,1,2,-0.39,1.19,1,9,40.5,59.3,41.9,33.6,50.6,88
1,2,2,1,1,-1.28,-1.05,0.33,9,57.4,43.7,57.8,60.7,45.6,89
2,2,1,1,3,-0.65,-1.17,0,8,36.3,30.7,45.9,36.3,40.6,90
2,2,2,2,1,-0.4,-0.47,1,10,54.8,59.3,51.8,41.7,55.6,91
2,2,3,1,3,0.06,-0.29,0.67,1,49.5,56.7,68.1,49.8,55.6,92
2,2,2,1,2,0.55,0.9,1,9,62.7,61.9,59.6,60.7,65.5,93
2,2,3,1,3,-0.35,-0.89,0,1,49.5,67.1,66.4,66.1,55.6,94
2,2,2,1,2,0.3,-1.09,0,9,51.1,56.7,55.3,47.7,56.8,95
2,2,1,1,3,-0.93,0.65,1,5,47.4,45.6,49.4,42.3,45.6,96
2,2,1,1,2,1.16,-0.72,0.67,10,56.9,64.5,72.2,54.2,55.6,97
1,2,3,1,2,0,0.15,0.33,10,73.3,64.5,75.5,60.7,50.6,98
1,2,2,1,2,0.52,0.34,1,9,52.1,54.1,51.4,49.8,50.6,99
2,1,3,2,2,0.42,-0.47,0.33,10,73.3,61.2,57.4,54.7,65.5,100
1,1,2,2,1,-0.67,-0.47,0,8,44.2,48.9,43.1,55.3,45.6,101
2,1,3,2,2,0.45,0.65,1,9,57.4,56.7,46.9,52.6,55.6,102
2,1,1,2,1,0.06,0.32,0,15,60.1,54.1,49.9,49.8,50.6,103
1,1,2,2,2,0.26,0.88,1,9,65.4,59.3,62.3,60.7,65.5,104
2,1,3,2,2,0.46,0.34,1,9,57.4,54.1,59.6,60.7,70.5,105
2,3,1,1,1,-0.89,-1.23,1,10,44.2,48.9,43.8,35.2,50.6,106
2,3,2,1,3,0.57,-2.62,0,11,38.9,28.1,38.4,44.4,35.6,107
2,3,3,1,3,0.26,0.94,0,17,54.8,38.5,46.8,36.3,45.6,108
2,3,1,1,3,0.31,1.19,1,1,40.5,46.9,40.4,39,50.6,109
1,3,1,1,3,0.93,-1.63,0.67,8,38.9,41.1,40.3,34.1,45.6,110
1,3,3,1,2,0.68,0.94,1,9,62.7,52.1,66.1,68.8,50.6,111
1,3,1,1,2,0.03,0.32,1,6,44.7,56.7,50.3,30.9,55.6,112
1,3,3,1,2,-0.03,0.87,1,7,53.2,46.3,43,41.7,50.6,113
1,3,2,1,2,0.24,-0.35,1,8,30.5,35.9,36.9,33.6,40.6,114
2,3,3,1,2,1.14,1.19,1,9,65.9,67.1,67.1,60.7,65.5,115
2,3,2,1,2,0.27,0.34,1,7,49.5,48.9,48,41.7,60.5,116
2,3,1,1,3,-1.34,1.19,1,9,44.2,41.1,44.2,44.4,40.6,117
1,3,1,1,1,0.45,-0.91,0.33,2,41.6,41.1,42.8,49.8,40.6,118
2,3,1,1,2,0.28,1.19,1,1,56.4,59.3,38.5,55.3,56.8,119
2,3,1,1,3,-1.33,-0.26,0.67,15,38.4,37.2,33.4,30.9,36.9,120
1,3,2,1,2,0.49,0.94,1,9,49.5,39.8,44.5,55.3,55.6,121
2,3,1,1,2,0.1,0.32,0.67,9,40,40.4,42.4,48.8,60.5,122
2,3,2,1,1,1.11,-1.05,0.33,9,70.7,67.1,63,63.4,65.5,123
2,3,2,1,3,0.22,-0.76,0.67,16,45.8,52.1,54.9,44.4,55.6,124
2,3,3,1,1,0.75,-0.72,0.67,14,42.6,46.3,41.2,28.2,45.6,125
1,3,2,1,2,0.89,0.15,0.67,10,68,59.3,56.6,50.4,60.5,126
2,3,1,1,2,-0.49,0.03,0,8,46.9,37.2,42.8,41.7,45.6,127
1,3,2,1,2,0.49,0.44,0.67,10,53.7,43.7,51.1,52,43.1,128
1,3,2,1,3,-0.38,0.34,0.67,7,38.9,28.1,35.3,39,40.6,129
2,3,1,1,3,-0.6,0.9,0.67,1,46.9,61.9,45.4,33.6,45.6,130
2,3,2,1,2,1.36,0.65,0.67,10,59,56.7,52.9,48.8,56.8,131
2,3,1,1,2,-0.24,-0.16,0.33,16,62.7,61.9,52.4,47.1,60.5,132
2,3,1,1,3,-0.23,0.44,0.33,14,33.6,35.2,40.9,29.3,25.7,133
2,3,2,1,2,0.51,-1.29,0.33,1,39.4,41.7,46.9,35.2,50.6,134
1,3,2,1,3,-0.6,-1.43,1,10,38.9,51.5,38.6,39,35.6,135
2,3,1,1,2,0.06,0.94,0.67,9,45.3,54.7,44.3,33.6,40.6,136
1,3,2,1,2,-0.37,-1.9,0.67,6,54.8,36.5,37.7,49.8,60.5,137
1,3,2,1,2,0.46,0.94,0.33,5,36.3,30.7,44.8,39.6,40.6,138
2,3,1,1,2,0.44,0.65,1,8,46.9,46.3,48.5,32.5,40.6,139
2,3,1,1,3,0.1,1.19,1,15,38.9,35.9,46.8,39,40.6,140
1,3,2,1,3,-2.23,1.19,1,8,36.3,38.5,39.3,39,45.6,141
1,3,2,1,2,1.13,0.87,1,10,57.4,54.7,51.7,49.8,50.6,142
1,3,2,1,2,0.26,1.19,1,9,52.1,52.8,37.6,52.6,50.6,143
2,3,1,1,1,-0.04,-0.29,0.67,10,41.6,38.5,40.2,33.6,45.6,144
1,3,3,1,3,0.69,0.03,0.67,9,49.5,39.8,38.6,49.3,46.8,145
2,3,1,1,1,-1.76,-0.93,0.67,6,36.3,38.5,36.4,36.3,50.6,146
1,3,3,1,3,-0.66,-0.08,1,12,44.7,33.3,33.7,39,35.6,147
1,3,2,1,1,-0.44,-0.31,0.67,9,49.5,59.3,42.1,52.6,60.5,148
1,3,1,1,2,1.16,1.19,0.33,9,55.3,46.9,49.1,54.2,51.8,149
2,3,2,1,2,0.91,-0.28,1,7,60.1,67.1,56.2,37.4,50.6,150
2,3,3,1,1,0.75,-0.26,0.67,15,41.6,35.9,42,31.4,39.4,151
1,3,2,1,2,-1.14,-0.06,1,6,36.3,46.3,36.9,41.7,35.6,152
2,3,2,1,1,0.46,0.03,1,14,52.1,56.7,62.8,47.1,60.5,153
2,3,1,1,2,0.45,0.03,1,1,49.5,46.3,52.9,52.6,65.5,154
2,3,1,1,3,-0.54,-0.59,1,4,38.9,35.9,38.4,33.6,35.6,155
1,3,3,1,3,-0.42,-0.6,1,14,54.8,56.7,64.7,58,60.5,156
1,3,2,1,3,-0.38,0.56,1,2,33.6,36.5,45.7,39,30.6,157
2,3,1,1,1,1.16,0.59,1,10,36.3,45,44.3,39,40.6,158
1,3,1,1,1,-0.68,0.32,0.67,9,36.3,44.3,34.4,47.1,45.6,159
2,3,1,2,1,0.7,0.87,1,1,46.9,54.1,46.4,49.8,55.6,160
2,3,2,2,2,0.48,0.63,1,10,54.8,48.2,58.7,51.5,45.6,161
2,3,3,2,2,-0.4,-1.8,0.33,1,50,45,42.9,41.7,45.6,162
2,3,2,2,2,0.66,0,1,10,52.1,48.9,48.5,44.4,60.5,163
1,4,3,1,2,0.06,0.03,1,9,62.7,64.5,71.3,55.3,70.5,164
1,4,1,1,3,0.46,-1.17,0.33,5,46.9,30.7,40.3,58,35.6,165
1,4,2,1,3,-0.4,0.88,0.33,3,54.8,45,45.9,58,50.6,166
2,4,3,1,2,0.06,0.03,0.67,10,54.8,54.1,47.1,49.8,50.6,167
2,4,2,1,1,-0.69,-1.13,0.67,1,46.9,54.1,45.4,44.4,45.6,168
2,4,2,1,2,1.16,1.19,1,10,70.7,64.5,72.2,66.1,55.6,169
1,4,1,1,1,0.3,-0.59,1,16,54.8,46.3,45.5,58,60.5,170
2,4,2,1,2,0.08,0.59,1,9,57.4,56.7,53.9,60.7,60.5,171
1,4,2,1,3,-1.3,0.03,1,7,54.8,41.1,40.2,44.4,40.6,172
2,4,1,1,1,-0.61,0.03,0.33,11,44.2,54.1,40.3,52.6,40.6,173
1,4,2,1,2,-0.16,0.65,1,7,68,61.9,69.7,71.5,60.5,174
2,4,2,1,2,1.16,0.65,1,1,65.4,67.1,63.1,55.3,70.5,175
2,4,3,1,1,0.91,0.65,0.33,11,54.8,48.9,41.9,52.6,55.6,176
1,4,2,1,2,0.68,0.03,0.67,10,71.2,63.2,60.2,65.5,65.5,177
1,4,2,1,2,0.06,-0.29,0.67,3,57.4,64.5,51.1,63.4,60.5,178
2,4,2,1,2,1.16,0.03,1,6,70.7,67.1,61.2,60.7,70.5,179
2,4,2,1,3,-0.59,0.03,0.33,14,33.6,54.1,41,41.7,50.6,180
2,4,3,1,2,1.13,0.87,1,10,76,62.5,60,67.2,65.5,181
1,4,3,1,2,0.42,0.56,0.67,17,70.7,56,62,67.7,63,182
2,4,1,1,2,1.16,0.63,0.67,13,58.5,54.1,46.3,48.2,53.1,183
1,4,3,1,1,1.16,-0.81,0.67,9,65.4,64.5,48,63.4,65.5,184
2,4,2,1,1,0.45,0.56,1,5,52.1,43.7,41.9,47.1,45.6,185
1,4,2,1,3,-0.16,-0.53,0.67,5,62.7,61.9,67,66.1,45.6,186
2,4,1,1,1,0.68,-0.6,0.33,14,52.1,64.5,59.7,55.8,50.6,187
2,4,3,1,2,0.06,0.03,1,10,41.6,54.1,41.2,41.7,40.6,188
2,4,3,1,2,1.11,0.9,0.33,6,62.7,64.5,61.4,58,60.5,189
2,4,3,1,3,-0.41,0.03,0.67,15,49.5,51.5,45.1,58,35.6,190
1,4,3,1,2,0.49,0.94,1,16,54.8,56.7,63.8,60.7,65.5,191
2,4,2,1,2,0.67,0.03,0.67,9,52.1,56.7,51.1,55.3,55.6,192
2,4,2,1,2,0.51,0.03,1,14,54.8,54.1,66.4,41.7,55.6,193
1,4,3,1,1,-0.84,0.34,0,10,41.6,46.3,59.6,63.4,65.5,194
1,4,3,1,2,0.27,0.03,1,10,60.1,51.5,48.1,52.6,55.6,195
2,4,2,1,3,0.06,0.03,1,1,68,61.9,55.5,49.8,50.6,196
2,4,1,1,3,-1.15,-1.38,1,17,49.5,56.7,46.1,53.6,40.6,197
2,4,2,1,2,0.66,-0.47,0.67,9,54.8,59.3,50.6,60.7,50.6,198
1,4,1,1,3,-0.82,0.63,1,12,36.8,36.5,41.5,33.1,31.9,199
1,4,3,1,2,-0.27,0.88,1,13,52.1,64.5,60.6,60.7,45.6,200
2,4,2,1,3,0.31,0.63,1,1,38.9,56.7,46.3,58,55.6,201
1,4,2,1,2,1.13,-0.6,0.67,16,73.3,67.1,71.3,63.4,65.5,202
2,4,2,1,2,-0.44,-0.78,1,10,58,48.9,43.8,44.4,65.5,203
2,4,2,1,2,0.44,0.03,1,9,55.3,51.5,48,58,65.5,204
2,4,1,1,3,-0.9,-2.54,0,4,44.2,43.7,40.2,39.6,30.6,205
2,4,1,1,3,-0.18,0.28,0.33,4,44.2,51.5,46.1,47.1,50.6,206
2,4,2,1,1,1.11,0.9,0.33,4,55.3,50.2,41.7,58.5,55.6,207
1,4,1,1,1,0.05,-0.6,0,8,57.4,51.5,40.6,46.6,56.8,208
2,4,2,1,1,-0.63,0.44,0.33,4,41.6,43.7,46.8,36.3,50.6,209
2,4,2,1,1,0.06,0.03,1,9,54.8,59.3,46.2,47.1,65.5,210
2,4,2,1,1,0.71,-0.29,0.67,9,57.4,61.9,55.5,58,65.5,211
1,4,2,1,1,0.26,0.03,1,2,57.4,51.5,55.3,60.7,60.5,212
2,4,1,1,1,0.04,-0.47,0.67,1,33.6,59.3,44.7,47.1,45.6,213
2,4,2,1,3,-1.81,-0.64,1,15,41.6,54.1,46.9,47.1,45.6,214
2,4,2,1,2,-0.4,-0.22,0.67,9,52.1,38.5,36.1,44.4,45.6,215
2,4,3,1,2,0.68,0.03,1,13,65.4,67.1,64.5,60.7,70.5,216
2,4,2,1,2,0,-0.42,0.67,11,49.5,51.5,52.9,39,55.6,217
2,4,2,1,3,0.46,0.03,1,1,57.4,67.1,47.7,55.8,50.6,218
2,4,2,1,3,0.1,0.03,0.33,6,49.5,56.7,48,47.1,60.5,219
2,4,2,1,2,0.66,0.34,1,4,56.9,49.5,49.5,50.9,58.1,220
1,4,1,1,1,-0.36,-1.67,1,3,44.2,43.7,56.4,58,60.5,221
1,4,3,1,1,0.93,0.34,1,10,46.9,54.1,54.6,55.3,50.6,222
1,4,2,1,3,0.48,0.03,1,10,60.1,46.3,51.4,52.6,60.5,223
2,4,2,1,1,-1.15,-0.47,0.67,4,44.2,56.7,52.2,44.4,55.6,224
1,4,2,1,2,0.89,0.59,0.67,6,60.6,56.7,70.5,58,65.5,225
1,4,3,1,2,0.49,1.19,1,10,46.9,51.5,50.6,49.8,55.6,226
1,4,2,1,2,0.44,0.65,1,3,52.1,54.1,54.6,41.7,55.6,227
2,4,2,1,2,0,-0.82,0.67,10,54.8,67.1,63.8,49.8,50.6,228
2,4,1,1,2,0.91,0.03,1,1,60.6,59.3,49.4,44.4,65.5,229
2,4,3,1,1,-0.2,1.19,1,15,41.6,46.9,41.7,47.1,60.5,230
2,4,1,1,1,0,-1.09,0.67,9,62.7,51.5,45.9,47.1,45.6,231
2,4,2,1,2,0.2,-0.47,0.33,11,38.9,54.1,53.7,52.6,40.6,232
2,4,2,1,3,0.06,0.03,0.67,15,62.7,61.9,58.8,60.7,60.5,233
2,4,3,1,2,0.96,0.87,1,9,57.4,64.5,48,47.1,50.6,234
2,4,2,1,2,0.2,-0.55,0.67,9,60.1,61.9,48.7,49.8,50.6,235
1,4,2,1,2,0.08,0.94,0.67,10,73.3,61.9,60.5,71.5,55.6,236
1,4,2,1,2,1.36,-0.8,0.67,13,52.1,59.3,59.6,59.1,40.6,237
1,4,3,1,2,0.46,0.94,1,10,65.4,61.9,67.9,66.1,65.5,238
2,4,1,1,3,-0.84,-0.18,0,1,33.6,46.3,38.4,36.3,45.6,239
1,4,2,1,2,0.46,0.03,0.67,9,62.7,54.1,54.8,55.3,65.5,240
1,4,1,1,2,0.48,0.69,0.67,16,62.7,43,58.9,65,44.3,241
1,4,3,1,2,0.75,1.19,1,10,68,61.9,52.2,60.7,65.5,242
2,4,2,1,2,-0.4,0.03,0,1,54.8,49.5,55.3,47.1,51.8,243
2,4,3,1,2,0.71,0.34,0.67,9,68,61.9,64.5,68.8,60.5,244
1,4,2,1,1,0.46,0.34,0.67,9,62.2,56.7,51.9,54.7,58.1,245
2,4,2,1,3,0.43,-0.47,1,1,42.6,50.8,44.6,39,55.6,246
2,4,2,1,3,0.46,-0.47,0,9,49.5,61.9,41.4,55.3,30.6,247
1,4,2,1,1,-0.49,0.03,0.33,9,65.4,59.3,56.8,66.1,60.5,248
2,4,2,1,2,-1.56,0.03,0.33,15,62.7,54.1,53,55.3,45.6,249
1,4,2,1,1,-0.17,-0.84,0.67,15,62.7,56.7,54.3,58,50.6,250
1,4,3,1,1,0.66,0.34,1,7,60.1,51.5,53,63.4,55.6,251
2,4,1,1,2,0.48,0.32,1,14,49.5,54.1,38.7,49.8,50.6,252
1,4,2,1,1,-0.14,-0.24,0.67,9,54.8,38.5,57,52.6,45.6,253
2,4,3,1,2,0.48,-0.47,0.33,9,52.1,61.9,55.5,60.7,60.5,254
1,4,2,1,2,-1.13,-0.55,0.33,12,44.2,46.9,45.5,39,50.6,255
1,4,3,1,1,0.06,0.03,0,10,44.2,33.3,53.9,58,30.6,256
1,4,2,1,1,0.2,-0.47,0.33,3,38.9,38.5,53,52.6,50.6,257
2,4,2,1,3,-0.64,-0.51,0.67,4,49.5,56.7,47.7,44.4,60.5,258
2,4,2,1,1,0.23,0.44,1,2,49.5,51.5,45.5,49.8,55.6,259
2,4,2,1,2,0.1,1.19,1,9,52.1,56.7,62.3,66.1,70.5,260
1,4,2,1,3,0.28,0.03,1,9,54.8,59.3,49.5,63.4,56.8,261
2,4,3,1,2,0.52,0.59,1,9,68,59.9,64,68.8,65.5,262
1,4,2,1,2,0.46,0.03,0.67,8,54.8,64.5,58.6,55.3,60.5,263
2,4,1,1,1,-0.8,0.15,0.33,15,41.6,41.1,39.5,47.1,60.5,264
2,4,1,1,3,-1.33,-0.6,0.33,1,34.7,35.2,40.2,50.9,33.1,265
2,4,1,1,1,-1.33,0.34,0,4,44.2,41.1,36.9,41.7,45.6,266
1,4,3,1,2,0.68,0.34,1,16,57.4,56.7,62.8,58,50.6,267
2,4,3,1,2,0.46,-0.55,0.33,10,41.6,54.1,50.3,49.8,51.8,268
1,4,2,1,3,-0.44,-0.22,0,2,44.2,33.3,40.9,47.1,45.6,269
2,4,2,1,2,0.23,-0.76,1,9,65.4,64.5,59.6,66.1,60.5,270
2,4,3,1,3,0.29,0.03,1,4,49.5,48.9,56.2,47.1,45.6,271
2,4,1,1,1,0.46,0.03,0.67,16,52.1,56.7,53,47.1,50.6,272
2,4,2,1,1,0.46,0.03,0.33,13,44.7,38.5,45.9,44.4,35.6,273
2,4,3,1,1,0.33,-0.26,1,4,52.1,67.1,57,63.4,60.5,274
2,4,3,1,1,-0.44,-0.47,1,9,54.8,65.1,66.1,49.8,60.5,275
1,4,2,1,3,-1.05,-0.34,0.67,1,44.2,38.5,41.4,42.3,35.6,276
2,4,3,1,2,1.11,0.34,1,10,73.3,67.1,62.3,58,65.5,277
1,4,1,1,2,0.46,-0.18,1,10,52.1,46.3,48.3,58,60.5,278
1,4,1,1,3,0.08,0.94,0.33,2,49.5,52.8,50.6,48.8,66.8,279
1,4,3,1,2,0.31,0.03,1,10,54.8,48.9,61.2,60.7,55.6,280
1,4,3,1,3,-0.18,0.03,0.67,2,44.2,48.9,56.3,41.7,60.5,281
2,4,2,1,1,0.71,-0.05,0.67,1,52.7,47.6,52.2,45,50.6,282
1,4,3,1,2,0.02,0.13,0.33,9,73.3,59.9,70.5,60.7,70.5,283
1,4,3,1,2,1.36,1.19,1,9,65.4,48.9,66.3,58,35.6,284
2,4,2,1,2,0,0.03,0.67,1,61.1,61.2,62.2,57.4,53.1,285
2,4,3,1,2,0.52,0.34,1,10,65.4,54.1,61.4,58,55.6,286
2,4,3,1,2,0.66,0.34,0.67,9,54.8,56.7,61.9,63.4,55.6,287
1,4,1,1,1,0.25,0.65,0,3,49.5,48.9,50.4,63.4,55.6,288
1,4,3,1,2,-0.38,0.03,1,9,60.1,54.1,58,58,60.5,289
2,4,3,1,1,0.46,-1.11,0.33,9,65.4,67.1,67,66.1,70.5,290
2,4,2,1,1,0.23,0.03,1,13,65.4,56.7,65.4,58,70.5,291
2,4,1,1,3,-1.09,-0.9,0.67,9,57.4,59.9,50.5,52.6,36.9,292
2,4,2,1,2,0.71,-0.55,1,9,60.1,59.3,64.3,60.7,65.5,293
1,4,1,1,2,-0.82,-0.76,0,1,57.4,43.7,59.6,52.6,50.6,294
2,4,3,1,1,1.36,0.03,0.67,14,46.9,59.3,56.3,66.1,60.5,295
2,4,3,1,3,-0.14,-0.86,0,9,38.9,46.3,50.1,36.3,45.6,296
2,4,3,1,2,0.46,1.19,0.67,10,65.9,64.5,61.8,60.7,60.5,297
2,4,3,1,2,0.06,0.32,1,1,62.7,64.5,70.5,68.8,70.5,298
1,4,3,1,3,-0.51,-1.98,0,17,60.1,57.3,58.8,58,50.6,299
1,4,3,1,2,0.68,0.03,0.33,9,73.3,64.5,64,60.7,65.5,300
2,4,3,1,2,0.75,1.19,1,9,60.1,61.9,67.1,49.8,55.6,301
1,4,2,1,2,0.69,0.05,0.67,10,60.1,59.3,57.9,40.6,65.5,302
2,4,1,1,1,-0.84,-0.24,1,4,54.8,64.5,44.5,52.6,50.6,303
1,4,3,1,2,0.01,0.32,0,16,52.1,41.1,50.6,52.6,55.6,304
2,4,2,1,1,-0.16,-0.45,0.67,4,49.5,54.1,61.9,52.6,50.6,305
2,4,3,1,2,-0.6,0.28,1,9,33.6,41.1,42.9,41.7,50.6,306
1,4,3,1,2,0.46,0.34,1,9,76,52.1,64.1,63.9,60.5,307
1,4,1,1,2,0,0.65,0.67,7,46.9,33.3,50.4,47.1,55.6,308
2,4,3,1,1,0.32,0.9,0.67,10,33.6,51.5,41.9,49.8,50.6,309
1,4,3,1,2,0.52,0.65,0.33,2,54.3,62.5,56.6,54.7,45.6,310
1,4,3,1,3,0.46,0.63,0.67,2,46.9,52.8,49.3,53.1,35.6,311
2,4,2,1,2,0.66,0.03,1,1,52.1,56.7,41.9,52.6,60.5,312
2,4,2,1,2,0.46,-0.47,0.67,10,50,41.1,45.1,44.4,55.6,313
1,4,2,1,1,0.26,0.03,1,2,49.5,35.9,47.8,52.6,35.6,314
2,4,3,1,2,0.91,-0.47,0.67,10,57.4,59.3,57.2,59.1,65.5,315
2,4,2,1,3,1.36,0.87,1,4,36.3,43.7,37.2,41.7,40.6,316
2,4,2,1,2,0.02,-1.05,0.33,9,60.1,64.5,61.2,60.7,50.6,317
2,4,1,1,1,-0.44,-0.47,0.33,9,38.9,46.3,41.9,41.7,45.6,318
1,4,1,1,3,-0.44,-0.55,0.33,4,46.9,38.5,47.1,41.7,25.7,319
1,4,1,1,3,0.22,0.03,0.67,16,60.1,41.7,52,52.6,50.6,320
1,4,1,1,3,-0.91,-0.59,0.67,8,44.2,39.1,46.3,36.3,40.6,321
1,4,2,1,1,-0.84,-0.57,0.33,2,33.6,33.3,41,36.3,35.6,322
1,4,2,1,3,0.66,0.34,0.33,2,33.6,38.5,42.9,47.1,45.6,323
2,4,3,1,2,0.94,0.03,1,10,68,56.7,59.6,58,25.7,324
2,4,2,1,1,-0.65,0.03,0.33,9,41.6,39.1,42.3,41.7,40.6,325
1,4,1,1,1,1.13,0.03,0.33,5,45.8,41.7,43.1,53.6,36.9,326
2,4,1,1,3,1.36,0.63,1,1,68,64.5,58.9,63.4,45.6,327
2,4,2,1,3,0.22,0.03,0.33,1,52.1,54.7,49.5,53.6,60.5,328
1,4,3,1,2,-0.43,0.03,1,9,52.1,44.3,53.1,58,45.6,329
1,4,1,1,1,0.28,-0.06,0.33,2,44.2,30.7,35.3,47.1,45.6,330
2,4,1,1,1,-1.99,0.03,0,9,39.4,54.1,38.7,47.1,35.6,331
1,4,2,1,2,-0.4,0.03,0,10,44.2,33.3,47.8,44.4,45.6,332
1,4,2,1,1,-0.03,-0.16,0,6,33.6,43.7,42.6,47.1,35.6,333
2,4,2,1,2,0.08,-0.24,0.33,10,52.1,59.3,48,55.3,60.5,334
2,4,2,1,1,0.46,0.34,0.67,9,62.7,61.9,52.9,44.4,40.6,335
1,4,3,1,1,0.06,0.03,0.67,11,41.6,39.1,56.3,45,50.6,336
1,4,2,1,2,-0.39,-0.28,0.67,9,44.2,51.5,51.1,63.4,60.5,337
2,4,1,1,3,0.26,-0.26,0,6,49.5,56.7,43.8,47.1,40.6,338
1,4,2,1,2,0.46,0.03,1,7,70.7,56.7,51.3,71.5,55.6,339
1,4,3,1,2,0.47,0.01,1,10,68,64.5,61.5,55.3,60.5,340
2,4,3,1,2,0.71,0.03,1,14,68,61.9,72.2,66.1,56.8,341
2,4,2,1,2,-0.16,-0.47,0.67,9,36.3,61.9,52.2,39,45.6,342
1,4,1,1,1,-0.37,-0.47,0.67,9,41.6,48.9,42.6,49.8,55.6,343
2,4,1,1,1,0.27,-2.52,0.33,8,38.9,32,35.3,46.6,51.8,344
1,4,2,1,2,0.71,0.34,0.67,9,52.1,41.1,51.3,60.7,65.5,345
2,4,2,1,2,0.46,0.03,0.67,9,57.4,59.3,53.9,49.8,55.6,346
2,4,3,1,2,0.28,0.03,0.67,9,62.7,67.1,65.6,61.8,65.5,347
2,4,2,1,1,0.46,0.03,1,10,65.4,51.5,61.4,60.7,50.6,348
1,4,3,1,3,-1.5,0.03,0.67,9,33.6,48.9,38.6,42.3,55.6,349
1,4,3,1,2,-0.41,0.28,0.33,16,46.9,35.9,42.6,58,55.6,350
2,4,2,1,2,0.32,0.9,0.67,1,52.1,59.3,58.1,47.1,45.6,351
2,4,2,1,1,0.32,0.65,1,9,54.8,61.9,58.1,58,60.5,352
1,4,2,1,2,-0.21,-1.13,0,2,38.9,41.1,43.6,55.3,45.6,353
2,4,2,1,2,-0.6,-1.18,0.67,1,54.8,59.3,68,49.3,65.5,354
2,4,1,1,1,-0.4,-0.89,0.33,8,41.6,56.7,45,50.4,43.1,355
2,4,1,1,3,-0.89,-1.29,0.33,9,60.1,64.5,41,52.6,50.6,356
2,4,2,1,3,0.06,-0.28,1,1,65.9,64.5,54.6,60.7,60.5,357
2,4,3,1,2,0.45,0.03,1,4,62.7,51.5,54.4,49.8,50.6,358
1,4,2,1,2,0.22,0.32,1,14,49.5,56.7,62.8,49.8,70.5,359
2,4,3,1,2,0.71,0.28,1,11,60.1,64.5,63,68.8,60.5,360
2,4,2,1,3,0.91,0.34,1,1,68,59.3,53,63.4,60.5,361
1,4,2,1,1,0,0.65,1,6,54.8,64.5,51.1,49.8,55.6,362
1,4,1,1,3,-0.38,0.03,1,8,38.9,41.7,37.7,44.4,45.6,363
2,4,2,1,2,-0.16,-2.58,1,10,52.1,59.3,58.1,52.6,65.5,364
2,4,1,1,1,-1.1,-0.28,0.67,4,38.9,41.1,45.9,47.1,45.6,365
2,4,2,1,1,0.93,0.03,1,10,65.9,67.1,70.5,52.6,65.5,366
1,4,3,1,1,0.7,-0.16,0.33,9,68,59.3,55.7,63.4,65.5,367
1,4,2,1,3,-0.45,-0.26,0,2,38.9,35.9,44.2,55.3,55.6,368
2,4,2,1,3,0.02,-2.03,0.67,1,38.9,59.3,39.5,39,50.6,369
2,4,1,1,3,-0.19,-2.58,0,1,41.6,54.1,41,41.7,40.6,370
1,4,2,1,1,0.91,-0.47,0.67,8,44.2,41.1,50.5,58,40.6,371
1,4,2,1,1,0.09,-1.42,0.33,11,52.1,61.9,59.6,58,55.6,372
2,4,1,1,2,0,0.65,1,16,68,64.5,58.3,58.5,55.6,373
1,4,1,1,2,0.7,-0.16,1,10,49.5,61.9,50.9,46.1,66.8,374
1,4,1,1,1,-0.6,0.56,0.33,2,36.3,43.7,44.3,47.1,30.6,375
1,4,2,1,1,-1.33,0.03,0.67,2,41.6,30.7,56.9,47.1,50.6,376
2,4,2,1,2,-0.16,0.03,1,8,57.4,57.3,64,58,65.5,377
1,4,3,1,2,0.46,0.65,1,9,68,54.1,63,63.4,60.5,378
1,4,3,1,2,-0.33,0.38,0.67,6,62.7,59.3,56.5,55.3,55.6,379
2,4,3,1,1,0.25,0.03,0.67,4,49.5,51.5,55.5,44.4,55.6,380
2,4,2,1,2,0.22,-0.57,1,1,61.1,67.1,64.5,50.4,55.6,381
1,4,3,1,2,0.22,1.19,0.33,13,38.9,33.3,37.7,47.1,40.6,382
2,4,2,1,1,0.27,0.03,0.67,1,46.9,56.7,63.8,55.3,55.6,383
1,4,2,1,3,-2.23,1.19,0.33,5,44.2,38.5,41.2,49.8,45.6,384
2,4,1,1,1,-0.38,0.37,0.67,4,44.2,43.7,46.1,47.1,50.6,385
2,4,2,1,2,0.06,0.65,0.33,11,47.4,64.5,53.9,55.8,50.6,386
2,4,3,1,2,0.89,0.88,1,9,52.1,59.3,64,61.2,55.6,387
2,4,3,1,1,1.13,0.03,0.33,9,43.2,54.1,54.8,55.3,45.6,388
2,4,1,1,1,-1.02,-1.67,0.67,5,45.3,43,52.3,60.7,56.8,389
2,4,3,1,2,0.45,0.03,0.67,9,60.1,61.9,51.9,53.1,58.1,390
2,4,3,1,2,0.06,0.65,0,9,65.4,59.3,56.8,46.1,65.5,391
1,4,1,1,3,-1.74,0.61,0.33,17,45.8,34.6,37.9,39,45.6,392
1,4,2,1,3,-1.3,0.13,0.33,11,44.2,41.1,51.8,47.1,40.6,393
1,4,2,1,2,0.46,0.03,0,8,73.3,61.9,73.1,68.8,65.5,394
2,4,2,1,2,0.55,-0.24,0.67,13,46.9,56.7,54.6,47.1,55.6,395
2,4,2,1,3,-0.68,0.03,0.33,17,38.9,38.5,41.2,39,35.6,396
1,4,2,1,3,0.25,-0.26,0.33,2,49.5,30.7,40.3,33.6,30.6,397
2,4,1,1,3,0.96,0.94,0.67,9,46.9,50.2,46.5,47.1,51.8,398
2,4,1,1,1,-0.24,0.03,0.67,9,45.8,54.1,49.5,47.1,55.6,399
1,4,1,1,1,-0.4,0.65,0.67,5,44.2,43.7,38.6,33.6,45.6,400
2,4,1,1,2,-0.4,0.03,1,15,44.2,54.1,59.3,58,50.6,401
2,4,2,1,2,0.93,0.65,1,6,62.7,59.3,71.3,68.8,60.5,402
2,4,1,1,2,0,0.34,1,15,62.7,59.9,65.4,53.6,65.5,403
2,4,2,1,1,-0.38,-0.47,0.67,4,62.7,43.7,44.7,52.6,41.9,404
1,4,2,1,2,0.2,0.56,0.67,12,60.1,52.8,51.5,58,50.6,405
1,4,2,1,2,0.73,0.03,1,16,65.4,59.3,69.6,63.4,50.6,406
2,4,2,1,3,0.06,0.03,1,4,43.2,47.6,45.6,47.1,45.6,407
1,4,3,1,2,-0.45,-0.6,0.67,10,52.1,59.9,49.5,48.8,60.5,408
2,4,3,1,2,1.13,0.03,0.67,9,62.7,64.5,64.5,52.6,60.5,409
2,4,1,1,2,-0.18,-1.09,0.67,15,62.7,56.7,58.8,71.5,60.5,410
1,4,3,1,2,0.32,0.28,0.67,16,62.7,63.2,68.9,74.2,70.5,411
2,4,2,1,3,0.66,-0.6,0,15,42.6,56.7,40.3,49.8,50.6,412
2,4,2,1,1,0.51,0.03,0.33,6,60.1,51.5,53.9,63.4,50.6,413
2,4,2,1,1,0.08,0.03,1,13,54.8,67.1,47.4,49.8,65.5,414
2,4,2,1,2,0.46,-0.86,1,14,68,59.3,60.5,55.3,70.5,415
1,4,1,1,2,1.11,-0.09,0,9,44.2,48.9,48,49.8,55.6,416
2,4,2,1,1,0.07,0.34,1,9,65.4,59.3,51.2,60.7,55.6,417
1,4,2,1,3,-0.89,0.56,0.33,2,44.2,41.1,40.3,49.8,25.7,418
1,4,2,1,3,-0.19,0.03,0.33,2,54.8,51.5,42.8,60.7,50.6,419
1,4,1,1,2,-0.27,0.94,0,17,44.7,54.1,50.4,45,50.6,420
1,4,3,1,3,-0.4,-1.09,0.67,7,62.7,43.7,47.1,52.6,55.6,421
2,4,2,1,2,0,0.03,0.67,9,62.7,64.5,38.3,55.8,55.6,422
1,4,2,1,2,0.46,-0.47,0.67,10,68,64.5,70.6,68.8,59.3,423
2,4,2,1,3,0.75,0.34,1,9,47.4,41.7,51.6,38.5,50.6,424
2,4,1,1,1,1.36,0.65,1,15,46.9,51.5,57,49.8,40.6,425
1,4,1,1,2,0.68,0.87,1,10,54.8,56.7,56.9,58,70.5,426
1,4,2,1,3,0.05,-0.88,0.67,2,62.7,63.2,74.6,71.5,65.5,427
2,4,2,1,3,-0.84,0.03,0,9,36.3,59.3,47.7,39,55.6,428
1,4,3,1,3,1.13,0.56,1,6,60.1,48.9,50.4,55.3,65.5,429
1,4,3,1,1,1.13,0.63,0.67,10,60.1,64.5,57.9,60.7,65.5,430
2,4,2,1,1,0.55,-0.6,1,1,54.8,54.1,51.3,41.7,45.6,431
1,4,3,1,1,0.06,0.03,1,9,44.2,54.1,51.4,39,45.6,432
2,4,2,1,3,-0.64,0.03,1,4,41.6,46.3,38.4,36.3,45.6,433
2,4,3,1,2,0.48,0.03,1,4,65.4,61.9,60.4,63.4,60.5,434
2,4,1,1,1,-0.19,-0.85,0,15,54.8,60.6,55.5,58,45.6,435
1,4,3,1,2,0.2,-2.54,0,16,54.8,61.9,63.6,63.4,65.5,436
2,4,2,1,3,-0.6,-0.26,0.67,4,49.5,41.1,38.4,52.6,35.6,437
1,4,2,1,2,-1.33,0.03,1,16,36.3,28.1,53.7,33.6,25.7,438
2,4,1,1,2,0.68,0.88,1,9,46.9,61.9,53,52.6,60.5,439
2,4,3,1,2,1.36,0.94,1,4,52.1,48.9,51.3,41.7,45.6,440
2,4,2,1,1,0.89,0.65,0.67,9,68,48.9,56.3,63.4,55.6,441
2,4,2,1,3,-0.14,0.13,0.67,9,41.6,56.7,51.3,47.1,60.5,442
1,4,2,1,3,-0.43,-1.22,0,5,41.6,46.9,55.5,44.4,40.6,443
1,4,2,1,2,0.04,0.03,0.67,9,65.4,51.5,61.2,68.8,60.5,444
1,4,1,1,1,0.44,-0.16,0.67,9,62.7,48.9,48.8,66.1,45.6,445
1,4,1,1,2,0.65,-0.3,1,10,60.1,61.9,74.6,58,60.5,446
1,4,2,1,3,-1.33,0.65,0,2,40.5,38.5,47.1,44.4,30.6,447
1,4,2,1,3,0.68,1.19,0.33,14,41.6,41.1,57.2,71.5,30.6,448
1,4,2,1,3,0.1,0.03,0,3,62.7,48.9,42.1,66.1,70.5,449
2,4,3,1,2,0.5,0.03,0.67,17,68,59.3,58.8,66.1,65.5,450
2,4,2,1,3,0.02,-0.32,1,4,46.9,46.3,52,47.7,45.6,451
2,4,2,1,1,0.06,0.03,1,17,41.6,46.3,46.2,39,45.6,452
2,4,2,1,1,-0.83,0.65,0.33,4,44.2,59.3,55.5,36.3,55.6,453
2,4,3,1,2,0.91,0.15,0,9,54.8,56.7,55.5,58,60.5,454
2,4,1,1,1,0.06,0.59,1,1,52.1,51.5,45.4,39,50.6,455
1,4,2,1,3,-1.57,0.65,0.33,6,52.1,56.7,45.2,55.3,50.6,456
1,4,2,1,3,-1.33,0.03,0.33,5,38.9,30.7,40.4,39,50.6,457
1,4,2,1,2,0.46,0.65,1,16,49.5,48.9,60.5,55.3,55.6,458
2,4,2,1,1,0.03,0.03,1,11,41.6,43,44.5,39,50.6,459
1,4,3,1,2,-0.93,-0.22,0.67,10,65.4,64.5,65.5,60.7,65.5,460
1,4,1,1,2,0.24,-0.43,0.33,16,70.7,43.7,58.8,66.1,60.5,461
1,4,2,1,1,0.33,0.28,0.67,9,52.1,46.3,48.1,55.3,40.6,462
1,4,2,1,1,-0.11,0.25,1,9,44.2,44.3,45.6,39,50.6,463
2,4,2,1,2,0.94,-0.3,1,10,60.1,67.1,52.4,55.3,50.6,464
1,4,3,1,1,0.75,-0.49,0.33,16,41.6,41.1,41.2,44.4,35.6,465
2,4,2,1,2,0.3,-0.6,1,9,49.5,59.3,53.1,60.7,60.5,466
1,4,2,1,1,1.13,0.03,1,6,38.9,54.1,47.5,49.8,40.6,467
1,4,3,1,1,-0.16,0.03,0.33,11,44.2,59.3,49.5,55.3,45.6,468
1,4,2,1,1,0.46,0.65,1,16,68,59.3,57.9,74.2,65.5,469
2,4,3,1,2,1.36,0.94,1,10,57.4,64.5,49.9,55.3,55.6,470
2,4,3,1,2,0.46,0.32,0.67,16,49.5,54.1,47.8,60.7,50.6,471
2,4,2,1,1,-0.4,-0.26,0.33,15,52.1,54.1,55.3,52.6,50.6,472
2,4,2,1,3,0.06,0.28,1,13,60.1,59.3,56.2,60.7,60.5,473
2,4,1,1,3,-0.61,0.36,0,4,44.2,48.9,46.1,47.1,55.6,474
1,4,3,1,2,0.71,0.03,1,10,54.8,61.2,53.7,48.8,60.5,475
2,4,3,1,1,0.23,-0.26,0,9,52.1,61.9,56.3,58,55.6,476
2,4,2,1,2,0.46,-0.28,1,9,57.4,56.7,56.4,63.4,60.5,477
2,4,2,1,2,0.67,-0.59,0.67,9,54.8,64.5,55.3,49.8,60.5,478
2,4,2,1,2,0.46,0.03,1,10,60.1,64.5,56.3,63.4,60.5,479
1,4,1,1,3,-0.88,-0.29,0.33,8,44.2,54.1,41,49.8,45.6,480
2,4,1,1,2,0.89,0.34,0.33,10,57.4,61.9,72.2,60.7,60.5,481
2,4,2,1,3,0.06,-1.07,0,9,38.9,48.9,45.2,44.4,50.6,482
2,4,1,1,3,0.06,-0.6,0.67,9,62.7,56,57.3,60.7,56.8,483
2,4,2,1,3,-0.22,-2.27,0,1,57.4,51.5,40.3,60.7,55.6,484
2,4,2,1,2,0.71,0.34,0,2,62.7,64.5,57.4,60.7,70.5,485
2,4,2,1,2,0.53,0.81,0.67,9,54.8,59.3,61.4,47.1,55.6,486
2,4,1,1,2,-0.47,-0.47,0,1,52.1,57.3,63.7,58,55.6,487
1,4,3,1,3,0.43,-0.05,0.67,12,54.8,45.6,51.8,60.7,45.6,488
2,4,2,1,2,-0.44,-1.13,1,9,54.8,61.9,69.6,60.7,55.6,489
1,4,2,1,3,-1.28,0.34,0.33,9,31,35.9,46.1,39,45.6,490
2,4,2,1,1,-0.14,0.56,1,4,54.8,61.9,54.6,47.1,45.6,491
2,4,1,1,2,-0.14,-1.05,1,9,70.7,65.1,66.4,63.4,60.5,492
1,4,1,1,3,-0.86,0.28,1,3,36.3,48.9,54.4,60.7,35.6,493
2,4,1,1,3,0.3,0.03,0.67,1,36.8,59.3,40.7,49.8,35.6,494
1,4,2,1,1,0.68,0.03,1,10,65.4,64.5,51.3,66.1,65.5,495
2,4,2,1,2,0.23,0.03,1,9,52.1,59.3,52.9,60.7,50.6,496
2,4,2,1,3,0,-0.18,0,9,62.7,59.3,55.5,45.5,46.8,497
1,4,2,1,3,0.26,0.03,1,8,62.7,59.3,53.2,63.4,55.6,498
1,4,2,1,1,-1.58,-0.26,0.33,7,62.7,48.9,35.3,66.1,40.6,499
2,4,1,1,3,0.06,0.28,1,3,65.9,63.2,50.3,60.1,55.6,500
1,4,2,1,2,0.91,0.59,1,10,65.4,67.1,67.1,66.1,61.8,501
1,4,2,1,2,0.28,0.32,1,10,52.1,54.1,56.5,55.3,50.6,502
1,4,3,1,2,-0.19,-0.73,0.67,10,73.3,60.6,64.7,66.1,65.5,503
1,4,2,1,2,1.36,0.63,1,10,62.7,61.9,68.6,68.8,55.6,504
1,4,1,1,1,0.71,1.19,0.33,3,54.8,59.3,62.5,68.8,45.6,505
2,4,2,1,2,0.25,-0.47,0.33,10,76,67.1,72.2,66.1,65.5,506
1,4,2,1,3,-0.4,-0.76,0.67,7,52.1,35.9,50.3,47.1,50.6,507
1,4,3,1,2,0.68,-0.47,0.33,7,46.9,61.9,60.5,68.8,65.5,508
1,4,2,1,3,-0.41,0.34,0.67,16,52.1,38.5,57.9,52.6,50.6,509
1,4,2,1,3,-0.86,1.19,0.33,8,33.6,28.1,31.8,39.6,35.6,510
1,4,2,1,2,-0.44,1.19,1,2,60.1,54.1,59.6,55.3,65.5,511
1,4,1,1,3,-1.1,0.03,1,8,38.9,38.5,42.8,41.7,40.6,512
1,4,3,1,2,0.06,0.32,0.67,12,49.5,43.7,55.5,68.8,65.5,513
1,4,2,1,2,0.06,0.03,0,11,46.9,51.5,57.2,52.6,60.5,514
1,4,2,1,2,0.68,-0.26,1,10,62.7,61.9,56.2,47.1,45.6,515
1,4,2,1,2,0.66,0.03,0.33,6,65.4,59.3,67.1,66.1,65.5,516
2,4,1,1,1,0.26,0.87,1,3,49.5,61.9,61.4,63.4,50.6,517
1,4,2,1,1,0.06,0.03,1,2,54.8,41.1,42.8,47.1,40.6,518
1,4,2,2,2,0.32,1.19,1,9,57.4,61.9,64,55.8,55.6,519
1,4,2,2,2,0.06,0.03,0.33,9,68,59.3,71.3,66.1,55.6,520
1,4,3,2,2,0.46,0.34,1,16,52.1,46.3,50.4,52.6,50.6,521
1,4,2,2,2,0,0.65,1,7,52.1,61.9,62.1,58,60.5,522
2,4,3,2,1,0.68,0.32,1,15,36.3,56.7,41.9,49.8,40.6,523
2,4,2,2,2,-0.66,-1.07,0.67,1,49.5,61.9,60.4,47.1,50.6,524
2,4,3,2,2,0.48,-0.82,0.33,9,62.7,64.5,58.2,61.8,61.8,525
1,4,2,2,2,0.71,0.03,0.33,11,46.9,46.9,41,41.7,50.6,526
2,4,2,2,2,1.36,-1.18,1,9,62.7,61.9,63.1,60.7,60.5,527
2,4,3,2,2,-0.19,1.19,1,9,60.1,61.9,54.6,60.7,65.5,528
1,4,2,2,2,0.55,0.63,1,16,54.8,59.3,62.3,58,50.6,529
2,4,3,2,2,0.26,0.94,1,10,60.1,59.3,51.8,53.1,55.6,530
2,4,3,2,2,0.68,0.06,0.67,1,49.5,51.5,41.2,41.7,45.6,531
1,4,2,2,3,0,0.34,0.33,2,46.9,56.7,57.2,58,45.6,532
2,4,1,2,2,-0.17,0.03,0.67,15,44.2,59.3,45.7,55.3,50.6,533
1,4,2,2,2,0.06,0.56,1,10,49.5,56.7,46.2,55.3,50.6,534
2,4,2,2,2,0.52,0.34,1,10,46.9,64.5,59.6,49.8,55.6,535
2,4,3,2,2,0.91,-1.67,0.33,9,57.4,54.1,54.8,60.7,60.5,536
1,4,2,2,1,-0.4,0.65,0,10,52.1,46.3,51.3,58,55.6,537
2,4,3,2,2,0.46,-0.22,1,10,70.7,64.5,68.7,58,70.5,538
2,4,2,2,2,-0.4,-1.34,1,8,57.4,61.9,55.5,49.8,55.6,539
1,4,2,2,2,0.71,1.19,0.67,2,54.8,48.9,52.4,58,60.5,540
1,4,2,2,2,-0.14,0.34,0.33,9,49.5,46.3,44.8,58,60.5,541
2,4,2,2,2,0.52,0.03,1,14,46.9,51.5,53.7,41.7,40.6,542
2,4,3,2,2,-0.47,0.28,1,10,65.4,61.9,47.1,60.7,60.5,543
2,4,2,2,2,0.96,0.03,0.67,11,44.2,51.5,43.2,44.4,50.6,544
2,4,2,2,2,0.91,-0.47,1,9,46.9,64.5,55.8,61.8,60.5,545
2,4,3,2,2,0.02,-0.14,0,9,60.1,64.5,67,58.5,66.8,546
1,4,2,2,2,0.47,0.03,0.67,13,62.7,59.3,48.8,55.3,70.5,547
2,4,2,2,2,0.47,0.34,0.67,10,33.6,43,41,49.8,35.6,548
2,4,3,2,2,0.46,0.03,1,9,41.6,64.5,47.1,53.1,60.5,549
2,4,2,2,3,1.13,0.88,0.33,1,49.5,51.5,52.7,55.3,55.6,550
1,4,2,2,2,0.96,0.63,1,12,65.4,64.5,70.3,66.1,65.5,551
2,4,2,2,2,0.5,-0.22,1,9,54.8,61.9,61.3,60.7,50.6,552
1,4,2,2,2,0.71,0.28,0.67,16,62.7,56.7,54.7,58,40.6,553
2,4,1,2,2,-0.14,-0.6,0.33,15,44.2,48.9,54.3,49.8,45.6,554
1,4,3,2,2,0.06,1.19,1,11,65.4,64.5,67.9,63.4,55.6,555
2,4,2,2,2,0.87,0.87,0.67,10,57.4,61.9,62.8,55.3,40.6,556
2,4,2,2,2,1.16,1.19,1,16,60.1,59.3,55.3,58,45.6,557
2,4,2,2,3,0.46,0.56,0.67,9,44.2,54.1,52.2,44.4,45.6,558
2,4,2,2,1,0.27,0.03,0.67,4,57.4,41.1,57,55.3,51.8,559
2,4,1,2,2,-0.19,-1.73,1,1,44.7,47.6,50.3,39,50.6,560
2,4,3,2,2,0.68,0.03,1,6,44.2,48.9,46.2,47.7,45.6,561
2,4,3,2,2,0.23,0.03,1,1,62.7,61.9,55.5,55.3,60.5,562
2,4,3,2,2,0.91,0.03,1,9,57.4,59.3,55.5,55.3,50.6,563
1,4,3,2,2,0.32,-0.88,0.33,9,57.4,54.1,42.2,44.4,55.6,564
1,4,2,2,2,0.71,0.03,0.33,5,46.9,59.3,63,52.6,45.6,565
1,4,3,2,2,1.11,0.34,1,10,65.4,64.5,64.1,66.1,70.5,566
2,4,2,2,2,0.26,-0.57,1,10,41.6,58.6,54.6,55.3,60.5,567
2,4,2,2,2,0,0.34,0.33,9,46.9,59.3,53.7,58,45.6,568
1,4,1,2,2,0.2,-0.47,0.67,2,56.4,49.5,51.9,47.1,48.1,569
2,4,2,2,2,-0.84,-2.6,0.33,15,44.2,64.5,53,55.3,60.5,570
2,4,3,2,2,1.16,0.09,1,9,46.9,52.1,42.5,47.7,60.5,571
1,4,2,2,3,0.23,0.15,0.33,2,49.5,51.5,48,52.6,50.6,572
2,4,1,2,1,-0.23,0.69,0.67,15,46.9,61.9,48,39,50.6,573
1,4,3,2,2,0.03,0.56,0.67,2,65.4,67.1,63,66.1,70.5,574
2,4,2,2,1,0.68,0.03,0,10,44.2,35.9,43.6,47.1,40.6,575
2,4,2,2,3,0.43,-1.09,0.67,14,63.3,64.5,52.1,58,65.5,576
2,4,2,2,2,0.47,0.34,0.67,16,44.2,48.9,48,39,50.6,577
2,4,2,2,3,-0.59,0.28,1,14,46.9,51.5,48.5,49.8,50.6,578
2,4,1,2,3,-0.38,0.03,1,9,45.3,38.5,43.5,40.1,45.6,579
2,4,3,2,2,0.73,0.03,1,9,62.7,62.5,68.9,60.7,60.5,580
1,4,2,2,3,-0.66,-0.47,1,9,52.7,41.1,40.2,58,60.5,581
1,4,3,2,2,0.1,-0.16,0.33,9,49.5,59.3,51,47.1,45.6,582
1,4,2,2,1,-1.33,0.03,0.67,16,57.4,56.7,59.8,58,55.6,583
1,4,3,2,2,0.22,1.19,1,11,57.4,54.1,48.8,55.3,40.6,584
1,4,3,2,2,0.1,0.56,0.67,9,54.8,61.9,60.4,55.3,65.5,585
1,4,3,2,2,0.71,-0.06,0.67,9,44.2,37.8,49.2,39,45.6,586
1,4,3,2,2,0.68,-0.53,1,11,48.4,48.2,60.5,60.1,49.3,587
1,4,2,2,1,-0.93,-0.8,0.33,9,52.1,51.5,49.5,55.3,45.6,588
1,4,3,2,2,-0.6,0.34,0,2,49.5,41.7,50.3,36.3,60.5,589
1,4,2,2,2,0.06,0.03,0.67,16,46.9,56.7,56.1,60.7,55.6,590
2,4,3,2,2,1.14,0.63,1,15,55.3,53.4,44.5,53.6,48.1,591
2,4,3,2,2,0.06,0.03,0.67,14,46.9,60.6,51.3,63.4,30.6,592
1,4,2,2,2,-1.09,-0.26,0.33,11,44.2,41.1,45.1,47.1,45.6,593
1,4,3,2,2,0.02,0.28,0.67,9,44.2,51.5,52.9,52.6,45.6,594
1,4,3,2,2,0,0.03,0.33,10,52.1,59.3,50.4,60.7,60.5,595
1,4,3,2,2,0.27,-1.05,0.33,9,60.1,54.1,56.3,55.3,55.6,596
1,4,2,2,2,0.55,0.34,1,16,62.7,61.9,72.9,63.4,55.6,597
1,4,2,2,2,-0.61,0.34,0.67,16,68,54.1,74.6,66.1,65.5,598
2,4,2,2,2,0.23,0.94,1,10,57.4,67.1,57.9,60.7,55.6,599
1,4,2,2,2,0.02,0.03,0.33,9,62.7,54.1,64.7,58,50.6,600
